{"cameraMode":{"drawMode":0,"name":"Shaded","section":"Shading Mode"},"sceneLighting":false,"audioPlay":false,"sceneViewState":{"m_AlwaysRefresh":false,"showFog":true,"showSkybox":false,"showFlares":true,"showImageEffects":true,"showParticleSystems":true,"showVisualEffectGraphs":true,"m_FxEnabled":true},"in2DMode":false,"pivot":{"x":-0.11313604563474655,"y":0.11957210302352905,"z":0.0658724308013916},"rotation":{"x":-0.003177124308422208,"y":-0.7081601619720459,"z":-0.0031868035439401867,"w":0.7060383558273315},"size":0.8660253882408142,"orthographic":true}